country,1988,1989,1990,1991,1992,1993,1994,1995,1996,1997,1998,1999,2000,2001,2002,2003,2004,high_tech,2006,2007,2008,2009,2010,2011
Afghanistan,,,,,,,,,,,,,,,,,,,,,,,,
Albania,,,,,,,,,0.179503228,0.339874041,0.761716063,1.744553865,0.697374879,0.724100711,0.699557264,0.95997465,0.991776725,4.222699697,6.167414935,1.314305132,3.469615642,0.764653339,0.893509249,
Algeria,,,,,1.267021123,1.621050043,0.816186621,0.482299465,0.367838705,1.170936851,0.89225619,4.442396541,4.166833432,0.615530032,1.058630887,2.286790119,1.046032703,1.484616118,1.621560789,0.716136566,0.656696365,0.625863298,0.504620349,
American Samoa,,,,,,,,,,,,,,,,,,,,,,,,
Andorra,,,,,,,,9.164747598,13.56072455,19.8012256,12.8138865,9.70343224,10.92196833,21.79661846,16.9856775,20.47674801,26.69742315,26.40161869,16.33052379,,,,,
Angola,,,,,,,,,,,,,,,,,,,,,,,,
Antigua and Barbuda,,,,,,,,,,,,0.7921115,0.092391158,,,,,0.780367566,,0.056512531,,,,
Argentina,,,,,7.953191017,6.479174551,4.757370505,4.02028498,5.59195718,5.074831596,5.909451209,8.104063118,9.351856306,9.267344476,7.669045367,8.897494763,7.719023678,6.826630039,7.05418222,6.594450291,9.017369186,8.686933066,7.451595377,
Armenia,,,,,,,,,,5.501607591,,2.283042317,4.726627319,10.39872659,1.622448171,1.40902708,1.246117046,0.619179418,1.080395244,0.87587352,1.405882026,2.181898774,1.848659372,
Aruba,,,,,,,,,,,,,,,,,,6.414375583,,,,3.032803045,3.292451552,
Australia,7.074119703,7.301448572,8.069528624,9.777940932,10.43484734,11.48080469,14.08045528,12.85512116,12.07011374,11.7296787,11.46150241,11.09083182,15.35994466,15.52538698,16.51967087,13.69082382,13.53592125,12.79191222,12.34262502,10.27225042,10.78836729,11.92575811,11.87659321,
Austria,8.006911807,7.106485893,7.872959217,8.60114522,8.418167576,8.779092371,10.09522629,8.845950449,8.873684795,10.89953662,10.95634018,12.26966483,14.5978167,14.60985136,16.35080876,15.53155285,16.16497769,13.74293268,13.33616014,11.30981058,10.99615568,11.63616928,11.90557539,
Azerbaijan,,,,,,,,,2.227088648,4.433975234,13.69323664,8.537543672,4.589822663,8.849828078,7.895818312,5.148316951,2.177362335,1.056412864,1.750041177,3.399733126,0.923285802,0.983053092,1.083928988,
Bahamas,,,,,,,,,,0,26.98175054,2.453832973,6.808285497,0.684347397,3.089954198,0,0,0.000416075,0.389315819,0.000132022,0,3.27129E-05,,
Bahrain,,,,,,,1.109108717,2.632504778,4.398478916,,,,0.036057196,0.008796294,0.007207361,0.115940633,0.070899214,0.066559847,0.055502632,0.045860412,,0.027504417,0.110260452,
Bangladesh,,0.407667872,0.483968406,0.25281959,0.187750146,0.018236716,0.064091519,0.032008656,0.062837154,0.007480761,0.076074416,,0.213022147,0.182700197,0.135246924,0.251442821,0.210449868,0.324630911,0.219801354,1.152298157,,,,
Barbados,,,,,20.41445563,19.37608359,20.00397836,18.43483435,15.3343587,17.78631782,20.96742541,25.23925863,22.7147219,21.37945342,15.9346116,15.62871009,15.93356508,20.34828202,18.06371867,9.992496605,4.273125349,9.799475916,12.13086509,
Belarus,,,,,,,,,,,3.75090565,3.53959353,3.829054522,4.082892217,4.29201562,3.760012708,2.849037453,2.696633068,2.791624357,2.76756662,2.431421502,3.134666468,3.039266209,
Belgium,,,,,,,,,,,,9.184539201,10.23721689,10.91552474,8.878816551,8.944710573,8.435718399,9.015435406,8.351814857,7.405715749,7.98167504,10.36369533,10.46875392,
Belize,,,,,0,0,0.001229467,0,0,0,0.002459754,2.643049787,1.90437E-05,0.016326242,0.007780191,0.069737677,0.000271206,0.00992531,10.20706601,0.075809047,0.105390596,0.376772381,,
Benin,,,,,,,,,,,0.2252066,1.284970034,0.104314164,0.138567304,1.710395107,0.120940187,0.058654477,0.099451407,0.165676721,,,,,
Bermuda,,,,,,,,,,,,,,,,,,,,,,,,
Bhutan,,,,,,,,,,,0.452829774,,,,,,,4.144933389,5.486603367,0.751317632,0.125439808,0.215992735,0.13731061,
Bolivia,,,,,6.771659907,3.897591416,4.362081999,14.0649654,38.21011175,8.041452881,46.95961094,55.22567292,39.99114911,13.51959671,6.878335079,7.891070688,9.207748543,8.938800147,22.29928686,4.679168788,4.434481307,4.933155218,8.616855131,
Bosnia and Herzegovina,,,,,,,,,,,,,,,,1.756544819,1.88441994,2.040566406,2.169110677,2.138579791,4.143127492,3.276536945,2.581811569,
Botswana,,,,,,,,,,,,,0.510234321,0.253829474,0.512387789,0.449420996,0.416845086,0.439827419,0.421133506,0.43012044,0.566611135,0.924868482,0.399678758,
Brazil,,6.295977933,6.460878493,5.202652818,4.917602132,3.95392092,4.595900468,4.888255622,6.213314209,7.536263613,9.410684233,13.17285467,18.72725987,19.24616073,16.52029903,11.95599512,11.59272243,12.84314848,12.07642327,11.86594132,11.64693565,13.19727786,11.20763185,
Brunei,,,,,,,0.143313741,,,5.486936357,8.999055141,,,3.44553E-05,0.000141509,0.000453825,6.046940029,,6.460718135,,,,,
Bulgaria,,,,,,,,,3.858449011,3.744537967,2.996571081,2.927298816,2.871819068,2.891858943,4.107214145,4.43460826,4.062534664,4.771201768,6.119406356,5.96936262,6.553650555,8.150133519,7.913048156,
Burkina Faso,,,,,,,,1.930869669,6.143943375,6.296766785,3.396849025,4.334705109,3.175585167,6.979166712,2.089186652,4.994862305,11.36530693,22.4762717,,5.669520092,0.676025452,0.513097166,7.80400791,
Burundi,,,,,,0.040585914,1.063410386,0.196872991,,,1.488598773,0.331964263,0.029389169,2.413168476,22.34362413,12.08864189,5.874200279,4.192780562,3.138245956,2.164699349,7.515000867,11.53697767,8.495655195,
Cambodia,,,,,,,,,,,,,0.082465588,0.066884002,0.175489734,0.344233419,0.154684073,0.120820123,0.028281858,0.043190324,0.077055297,0.177519817,0.087505489,
Cameroon,,,3.187747137,,,,,2.628889245,1.758722564,1.034814543,,,1.388853815,1.376443863,1.058652046,2.859435319,2.062836394,2.207316996,2.735688879,2.929124529,1.966573779,2.540102343,4.868796738,
Canada,10.79141558,12.05035161,13.75593582,15.9147325,14.89629768,13.93698098,13.81223138,14.98592861,15.82917166,15.54943269,15.55952168,14.95138062,18.72534481,16.64650348,14.19283221,13.72987327,12.09374088,13.08441299,13.34499585,12.75221945,13.60045257,16.22380055,14.03698967,
Cape Verde,,,,,,,,,,0,3.555472843,5.910202678,0.815615961,0.927467757,0.029811443,,,0.003011483,0,0,,,,
Cayman Islands,,,,,,,,,,,,,,,,,,,,,,,,
Central African Rep.,,,,,,0.893538539,0.244925744,0.456537282,0.330858669,0.370790448,0.298927225,0.157223779,0.082664695,1.300085688,0.047032434,0.113157249,0.235889745,0.045998672,0.252900305,0.749160201,0.05823288,,,
Chad,,,,,,,,,,,,,,,,,,,,,,,,
Channel Islands,,,,,,,,,,,,,,,,,,,,,,,,
Chile,,,4.682247302,1.991528221,2.366165451,2.379427211,2.147470475,3.339689635,3.66048991,3.327845316,3.672549683,3.23902037,3.406050313,3.17811683,3.777844265,3.508591914,5.017633695,6.423699174,6.379933113,6.481696202,4.893834569,3.397556992,5.484139271,
China,,,,,6.435049262,7.094824898,8.291803292,10.4318147,12.41712404,13.12418003,15.3563988,17.19960392,18.9843797,20.95651527,23.66571478,27.37925315,30.06445872,30.84359799,30.51443157,26.66237275,25.56531104,27.53404158,27.51270427,
Colombia,,,,5.223920849,6.861886741,5.862064152,5.710056223,6.671060595,7.743427063,8.02107313,8.776844408,8.180491498,7.740420729,7.211090466,7.17301452,6.615023429,5.694387942,4.991174748,4.075887763,2.909197078,3.723762877,5.220021659,5.056319809,
Comoros,,,,,,,,0.782331006,0.09143771,4.732323008,1.147054849,,0.498572589,2.194016127,1.323836609,25.2062661,0.076382011,0.074790752,0.626740546,,,,,
"Congo, Dem. Rep.",,,,,,,,,,,,,,,,,,,,,,,,
"Congo, Rep.",,,,,,5.050453901,16.04296974,12.76702264,,,,,,,,,,,,,,,,
Costa Rica,,,,,,,5.670898766,6.201086226,4.20282767,13.20314479,43.71322979,63.40367378,51.71385492,36.39522489,36.58186828,44.81794394,35.7148192,38.02692246,44.71990369,45.37415403,39.42621181,44.18050683,39.97234195,
Cote d'Ivoire,,,,,,,,2.797256252,1.92022919,5.994908591,4.462945119,7.647873459,2.865012369,3.261764964,2.399809007,3.812376911,13.20956002,11.55255384,14.1789014,12.719222,11.85987579,8.22725181,,
Croatia,,,,,5.504302584,4.912292889,5.233559566,6.118035295,7.628570194,9.556593378,7.85679063,8.276436396,8.681440523,10.25480125,12.15195096,12.24589812,13.01556115,11.39541667,9.853389544,8.208448199,8.354492204,9.756838991,9.150102229,
Cuba,,,,,,,,,,,,23.00186427,21.4300928,29.55713005,34.64332591,17.34534628,11.82726371,18.3428365,35.34721092,,,,,
Cyprus,,3.620814415,4.444328745,4.087831681,4.129772398,3.158245834,3.43399583,4.211747811,5.29925584,2.944598049,3.212854242,3.152078682,1.673148136,2.028403785,1.794311775,3.893275526,8.578207245,16.97179651,22.73060398,29.37188247,30.44966444,30.85646915,37.11909465,
Czech Rep.,,,,,,4.163677452,4.65321627,6.025683604,7.533083244,8.059601342,8.516230117,8.691232519,8.486691671,10.05276139,14.54944751,13.52488308,13.19135196,12.95303787,14.3196,13.23687604,13.55655373,14.56374762,15.30313609,
Denmark,13.45060886,14.61325008,15.53672912,15.04018113,14.83451181,15.15305908,16.78320047,15.99296514,16.88849667,18.42618596,18.22871043,19.9853287,21.43657116,20.82227807,22.45632012,20.19696105,20.31240864,22.50743734,19.9326723,16.7869318,15.57597264,17.69546483,14.20978283,
Djibouti,,,,,,,,,,,,,,,,,,,,,,0.0815999,,
Dominica,,,,,,1.782966567,0.807039077,1.706505318,2.512157287,6.097494441,,4.35942189,6.534681264,6.389829183,7.691907053,7.217966546,7.904899179,7.482304577,7.741284235,6.181840166,0.449232162,0,0.014970181,
Dominican Rep.,,,,,,,,,0.259036131,0.329375045,,,,1.316602965,4.056278109,3.738553619,4.018963859,8.403702123,5.580899063,13.66508575,5.332250931,2.754450506,2.946220267,
Ecuador,,,0.319342187,0.948887633,3.409286657,3.553065922,3.624780618,5.984920671,4.334294002,4.466851313,4.488992277,6.322603832,5.616505319,4.596215134,6.637223456,5.984557665,7.361716768,7.658579893,7.874568789,6.167897261,3.721286731,3.934139976,8.427203622,
Egypt,,,,,,,0.408099015,0.535078464,0.64408415,0.274283278,0.222071782,0.266107648,0.309977486,0.903013999,0.776960676,0.532870974,0.576914413,0.40261152,0.553999986,0.190126405,0.971248545,0.835874212,0.876451032,
El Salvador,,,,,,,6.971188555,7.605502975,7.928847815,7.727272093,7.784553805,6.568936637,3.483351692,4.648381745,5.476222145,5.118348317,4.395767,4.34073992,4.422579757,4.530068404,4.268698339,4.988330618,5.779177131,
Equatorial Guinea,,,,,,,,,,,,,,,,,,,,,,,,
Eritrea,,,,,,,,,,,,,0,0,,18.21388577,,,,,,,,
Estonia,,,,,,,,6.19899916,8.848114633,9.131262925,11.69820107,13.49890414,29.9304493,19.28104368,11.86431239,12.65710496,13.99565801,14.66002177,12.62826088,5.801621676,5.401508192,5.679785009,9.145042194,
Ethiopia,,,,,,,,0.317521354,,0.336564552,0.212903749,0.190136731,0.132223949,0.133010542,0.126402978,0.213182419,16.32191221,1.452236455,0.425913751,2.525616499,2.624200245,3.089190464,3.031169152,
Faeroe Islands,,,0.060154664,0.091973331,,0.734163136,1.65493526,,0.044877302,0.45864018,0.988281529,0.324533033,0.09701116,0.520898426,0.087262032,0.205381661,0.154555741,0.135433176,0.840060764,0.479431194,4.794033861,0.616888403,,
Fiji,,0.050689091,11.58913852,0.785088018,9.543075496,0.903471073,0.950362753,,,,,,0.333878322,2.466882689,1.405351015,1.218339983,1.147117612,3.114002057,2.427163318,4.405080334,3.080455675,4.478749667,,
Finland,5.38730854,6.904636359,7.549498464,7.211202179,9.14080867,11.14917958,13.10950614,14.69676924,16.33530545,19.2186763,21.99619486,23.79754292,27.36105495,24.35747033,24.14919952,23.74180132,20.92505493,25.06426909,22.30832829,17.97838785,17.20822721,13.95842055,10.79594952,
France,15.92642242,15.98949005,16.68453809,18.68736078,18.44271678,19.14367234,18.68420037,19.18482755,18.89401815,21.19150192,22.26935681,22.82382313,24.60331145,23.48793024,21.47693911,19.72053672,19.75554711,20.26557961,21.462423,18.47804602,19.97045065,22.64070501,24.91527927,
French Polynesia,,,,,,,,,13.18382463,15.61604742,17.84834806,13.20768034,8.136345786,13.74926791,3.733640172,3.473536354,11.98067874,13.15453219,11.68271551,2.326796169,16.02319771,9.112511514,4.745152304,
Gabon,,,,,,44.57536645,35.20191456,,27.25823579,25.36491752,39.76999517,39.85282717,5.194285574,2.631713436,4.422446961,4.780240394,13.79811827,10.90424166,32.06755197,18.21266104,17.40172346,2.997716664,,
Gambia,,,,,,,,6.171168816,4.338858457,4.829631045,18.70255222,2.143313688,3.085565543,10.41580031,2.64999614,2.643103422,0.368095953,5.929461909,1.517782071,2.030848189,14.32911413,1.128796222,,
Georgia,,,,,,,,,1.614980298,2.493796019,4.584843053,23.88641407,10.85046526,38.14310335,41.09937792,24.6503725,38.25046831,22.58551229,16.46626107,7.487338195,2.687853184,3.936402218,1.783145817,
Germany,11.75252746,12.37895986,11.99635284,13.09941007,12.66390554,13.42861136,13.63742308,13.7125196,13.76754279,14.64727685,15.17789508,16.48760158,18.62581366,18.31637506,17.45204025,16.90097477,17.81653651,17.42259934,17.13589881,13.99489116,13.30471851,15.25874061,15.25099045,
Ghana,,,,,2.192211094,,,,0.362712802,0.490899876,0.573909485,13.58430801,1.924122616,2.615082671,,3.68325376,,0.196765174,0.179617761,1.05180921,1.429704729,3.662918163,2.004343656,
Gibraltar,,,,,,,,,,,,,,,,,,,,,,,,
Greece,2.422256499,1.992322287,2.393003914,2.877354392,2.290318083,3.614748115,3.787679401,5.8123725,6.019307013,5.791540594,8.475731892,10.19979313,13.74937627,10.25558979,12.00133712,12.56773142,11.84969636,10.57854262,10.96414424,7.365739111,9.31395472,10.85835632,10.19220866,
Greenland,14.99741806,21.98939463,10.43034256,5.618631006,6.063140822,7.084963802,,7.231983278,9.855908323,62.23890789,11.65091015,11.1963115,37.31515479,4.451108034,55.35861441,9.462103373,3.576570526,7.951596669,15.9347139,11.54989314,,,,
Grenada,,,,,,4.353667346,0.662703915,0.576332368,0,3.19894693,36.0853363,0.052459919,30.10875368,28.29610403,8.286849188,1.02333305,0.483537021,0.111332284,0.024674508,39.56243432,11.05681048,,,
Guam,,,,,,,,,,,,,,,,,,,,,,,,
Guatemala,,,,,,6.265324896,7.291947599,9.513353292,9.150874133,9.097060422,7.17502327,8.513629352,7.940791797,7.617973695,8.4979716,7.489408617,7.317911472,3.380031945,3.441560223,3.564434333,4.202769097,4.590528422,5.683671346,
Guinea,,,,,,,,0.095979872,0.06565532,0.05538559,0.073853508,0.009344599,0.095429159,0.32689618,0.000958389,,0.282864928,0.218509471,0.127097791,0.25122967,0.117730555,,,
Guinea-Bissau,,,,,,,,,,,,,,,,,3.933057458,,,,,,,
Guyana,,,,,,,,,,1.530738619,1.733695237,1.711659837,1.955591946,1.626205532,7.214027251,0.693946495,0.335144602,0.192596002,0.285634118,0.265552155,0.110721162,0.04101692,0.441793749,
Haiti,7.13875276,2.743584974,13.81534997,13.79013969,5.905240467,3.957799195,2.064457087,1.583284673,4.791996817,3.543423516,,,,,,,,,,,,,,
Honduras,,,,,,1.444707459,1.960202074,2.779987805,3.271210297,1.499219523,2.627895245,3.386807038,0.444344711,0.200956461,1.872565353,1.012169063,1.476549663,6.253745658,1.273437832,1.430204569,,1.315192619,,
"Hong Kong, China",,,,,16.70023759,17.07176637,18.44223566,20.56571159,19.39501494,21.10548644,21.05626771,21.05718127,23.40700263,19.78441362,16.98076022,12.67960408,14.35209767,15.5996375,11.36362009,11.51720721,11.25305706,14.70895044,16.10010866,
Hungary,,,,,4.15397896,5.651729652,5.178781477,6.931477696,5.790023582,18.09564543,20.64480231,22.66881133,26.53428609,24.2319073,24.93343867,25.75538583,29.05280472,25.82748708,24.11858851,23.79265563,23.30431461,24.93819337,24.23588939,
Iceland,27.69921483,5.340830993,10.01254138,1.947317793,3.718243445,4.347914067,21.1336807,16.53203788,19.918246,19.93482971,20.45083847,16.60909962,12.85538733,10.10486459,12.00542838,13.64233689,14.04176464,33.96827921,46.88047286,60.66346169,40.74828151,31.44598071,20.86889363,
India,4.068699519,4.200619334,3.943481192,4.692855613,4.046947719,4.248778709,4.783519764,5.804881032,6.872112979,6.538267884,5.619516933,5.742129277,6.255549228,6.970229303,6.237803011,5.947717493,5.998070281,5.803803052,6.072403224,6.403290331,6.777733191,9.093724449,7.180548755,
Indonesia,,1.45487217,1.592896922,1.898487722,3.072878245,4.538731675,6.651505847,7.341590596,8.960798579,11.58807688,10.36910169,10.37253832,16.37362789,14.17833361,16.67002616,14.77894292,16.39094424,16.54892016,13.4699335,11.00217924,10.90277203,12.87447608,11.36808277,
Iran,,,,,,,,,,0.147038477,0.238673643,0.348300963,0.607823088,1.110279473,1.534949708,1.667332921,1.864535365,2.487093059,6.307392087,,,,4.458197392,
Iraq,,,,,,,,,,,,,,,,,,,,0.08699611,,,,
Ireland,42.34199414,43.58341123,41.1373716,38.38011078,36.58951214,40.14663688,40.86445861,45.95738348,46.7670313,46.45530764,44.43145022,47.07236771,47.83989232,47.6319454,40.79819131,34.67451384,34.04293876,34.73374007,34.52714006,27.25762938,25.72634234,24.26009355,21.22904555,
Isle of Man,,,,,,,,,,,,,,,,,,,,,,,,
Israel,9.932590103,10.68670019,10.6533169,11.25484443,11.69739801,11.98241338,13.0221088,16.01864703,17.04319947,18.54946882,19.79187274,19.29020494,28.9739031,28.31365773,23.21339986,20.94512687,21.37219542,14.02500387,14.50621506,7.479951259,11.11546355,17.6232548,14.66321363,
Italy,7.207833055,7.243861565,7.79216176,8.197955649,8.553828263,8.579600669,8.377354972,8.130175681,7.895128437,7.614187477,8.094086137,8.283270321,9.476507205,9.564153967,9.190759209,8.025630617,8.037390502,7.980529645,7.334807392,6.264342095,6.404881289,7.468910189,7.228477131,
Jamaica,,,,0.125514547,0.126190689,0.074043055,0.049857424,0.034401306,0.046506867,0.053945508,0.079177765,0.039221165,0.058952908,0.031371354,0.146368371,0.04804378,0.124339862,0.088198999,0.113818806,0.20457003,0.431792942,0.514783513,0.570252503,
Japan,23.92880376,24.55742254,24.24049873,24.24646944,24.06979251,24.59316053,25.54593896,26.54654339,26.14833413,26.40512611,26.15222665,26.64937047,28.6886683,26.5954976,24.77556106,24.42804961,24.10432464,22.98115444,22.05695574,18.40781336,17.3143381,18.75847112,17.96281036,
Jordan,,0.213474688,1.591485564,2.813581398,1.05929498,1.553562854,7.876465435,4.33264605,,5.696243594,1.964212438,5.712856656,8.042914801,7.046562232,4.159464089,1.782067813,1.904315152,1.385657772,1.230697848,1.12756016,0.916781394,1.41337474,2.861993897,
Kazakhstan,,,,,,,,4.46463235,5.172735182,5.454911153,7.740263192,8.840901866,3.578615077,3.238614797,11.24069052,8.728163452,8.796182942,11.29115237,20.85955781,21.44792623,21.92647685,29.94278846,,
Kenya,,,4.03288515,3.031446301,1.577908589,2.353851867,3.399168474,3.585291915,4.038602355,4.430175279,4.498277546,3.278857645,3.879526519,4.93879824,10.56918344,3.598178387,3.204365705,2.899397841,3.241746809,5.509385141,4.150339903,5.310636166,5.699216154,
Kiribati,,,,,,,,,,,,,,,,,,,,,,,,
"Korea, Dem. Rep.",,,,,,,,,,,,,,,,,,,,,,,,
"Korea, Rep.",15.94320097,17.77896373,18.03506412,19.34141797,19.7675874,20.24822702,22.65468425,26.02948933,24.06843678,26.63634319,27.07512644,32.14623669,35.0654227,29.78401659,31.52977881,32.3161911,32.91734928,32.47640858,32.14585123,30.54460905,27.59875522,28.73409455,,
Kosovo,,,,,,,,,,,,,,,,,,,,,,,,
Kuwait,1.208249521,1.952853063,3.379132273,2.597646289,5.019173401,2.345057733,19.82451144,1.330422584,1.10341032,0.310303055,0.369784809,1.365667269,0.170373033,0.178572403,0.153249687,0.109688078,0.11675297,,0.343210893,0.476285556,0.299238502,0.520471289,,
Kyrgyzstan,,,,,,,,7.876929414,15.44400524,,10.76245207,3.482555645,14.78045345,16.03973812,5.714538737,1.961071559,9.293892997,1.842941094,2.876167446,2.153273847,3.045207635,4.941690911,0.977565979,
Laos,,,,,,,,,,,,,,,,,,,,,,,,
Latvia,,,,,,,5.533043829,5.165501237,5.203743587,6.25751733,3.978832389,4.060777075,3.959122402,3.772830006,3.867904265,4.58911383,4.885990508,5.314174985,6.821101055,6.947695298,6.953299326,7.758518211,7.644312054,
Lebanon,,,,,,,,,,3.289137944,3.052723618,2.600095043,2.344914515,2.489227808,2.381632334,2.135764242,2.419247981,2.833775119,2.763760385,2.236435658,2.440315858,4.532909209,12.79651796,
Lesotho,,,,,,,,,,,,,0.282669626,0.517349169,0.618586403,0.075378267,0.046852428,,,,0.216686282,,,
Liberia,,,,,,,,,,,,,,,,,,,,,,,,
Libya,,,,,,,,,,,,,,,,,,,,,,,,
Liechtenstein,,,,,,,,,,,,,,,,,,,,,,,,
Lithuania,,,,,0.400481623,,5.284503433,3.664078576,3.584610154,3.792669688,3.290601838,3.296374656,4.458263805,4.990611202,3.770408263,4.790428512,4.721934472,6.153892776,8.057471159,10.84503636,11.14479194,9.994402174,10.60837644,
Luxembourg,,,,,,,,,,,,14.60051333,16.5583382,19.16557463,15.45934331,12.02214484,10.51130393,11.85670443,11.58417634,8.755123023,6.419478995,8.775215648,8.365462677,
"Macao, China",,1.638138716,1.554793936,1.785477494,1.916677992,1.807783128,1.341315932,1.944736718,1.929760662,1.882283235,0.826918074,0.856655691,0.872244642,0.925561384,0.67288791,0.547995476,0.472430562,0.717749018,0.73693293,1.055445421,2.052478747,4.316742757,0,
"Macedonia, FYR",,,,,,,2.168902902,3.228197922,1.565032502,2.240889585,1.940070259,0.879965874,1.24289113,1.092945261,1.376599842,1.346641154,1.170544564,1.083859252,1.112986628,0.831502629,,2.948865718,,
Madagascar,,,8.068183947,1.429880681,0.942164435,9.027483472,1.863798326,1.213205481,2.224000568,0.858761822,18.28430704,3.306115321,0.572268431,0.905969808,1.036023796,0.647063829,0.565536745,0.782423602,1.168312073,1.064690813,0.66280763,1.650341148,1.037539083,
Malawi,,,0.088738784,0.176626816,,,2.938974119,1.552205483,0.83793734,0.82035449,0.359078335,0.793646013,2.026180121,2.871106853,0.16005167,0.363543204,0.956038501,3.096584097,1.814129386,1.376509936,1.877728848,2.814159984,1.290919694,
Malaysia,40.58434155,38.3759236,38.21144015,38.21017879,38.92988796,41.13287965,44.25144935,46.12426205,44.41279842,49.02141361,54.92272293,58.94622743,59.56927312,58.11105389,58.22125531,58.93914692,55.65766423,54.64561068,53.8397358,52.28431018,39.92064858,46.57393724,44.52124317,
Maldives,,,,,,,,,,,,,,,,,0,0,,,,,,
Mali,,,,,,,,,2.553684447,6.801520662,5.206887416,3.852016614,14.80774804,6.490053111,9.470103659,4.30057245,4.155231912,5.141066536,7.04840914,7.943730463,1.470042334,,2.397024089,
Malta,,,44.88861301,51.88263378,55.74472304,52.23626405,60.12046409,,58.88929328,55.99395274,60.41666812,61.72018003,71.74146342,61.68696685,58.98253371,60.00496664,58.13226449,51.99910812,58.11827901,52.43745356,50.23138339,47.98408744,59.56907667,
Marshall Islands,,,,,,,,,,,,,,,,,,,,,,,,
Mauritania,,,,,,,,,,,,,,,,,,,,,,,,
Mauritius,,,0.561279387,0.501303551,0.455960217,0.482636493,0.918000166,0.963399807,0.589613266,0.770306869,1.210008821,1.153749648,1.051924855,1.243474047,2.305751429,5.278176301,4.513230758,1.806959664,24.1514873,8.247408811,7.244789144,1.859425045,0.691355554,
Mayotte,,,,,,,,,,,,,1.956847595,1.708326502,2.402007937,2.55890832,5.410114936,3.876421486,17.65464147,13.93747447,1.642238142,2.410084318,,
Mexico,,10.09726977,8.429322322,8.680141476,11.24382898,11.59886598,13.93697516,15.17258119,15.80526976,17.55396463,19.25281534,20.74644062,22.45135077,22.05600024,21.42670845,21.39909612,21.28539642,19.63565926,18.98140785,17.17706,15.72923353,18.1761875,16.93780936,
"Micronesia, Fed. Sts.",,,,,,,,,,,,,,,,,,,,,,,,
Moldova,,,,,,,3.161701151,3.787891991,10.18763212,27.3876701,3.078261445,4.470038182,3.077960783,2.593038478,3.980864553,3.326060189,2.680779742,3.95672574,4.778952742,5.121666263,4.242426639,4.610525921,8.259890031,
Monaco,,,,,,,,,,,,,,,,,,,,,,,,
Mongolia,,,,,,,,,1.116624929,3.649593716,1.571419947,3.922348327,0.468643716,0.083470692,0.446248365,0.205526891,0.13688849,0.060600436,1.659613861,7.428124598,,,,
Montenegro,,,,,,,,,,,,,,,,,,,,,,,,
Morocco,,,,,,2.52562889,2.119738278,0.550582556,0.359904765,0.411670817,9.56603216,12.33080699,11.28624441,9.508523786,11.11458536,11.34644242,10.18017418,9.641127053,9.791434552,8.817537552,5.950363166,7.325102243,7.692046008,
Mozambique,,,,,,,1.032843325,3.83632821,5.928664521,11.07442191,,2.195762645,9.021072265,2.006745879,3.52224411,6.890879821,11.28154074,8.367006719,2.307831285,10.57277155,3.791649384,9.515814299,1.267976358,
Myanmar,,,,,0.083068851,,,,,,,,,,,,,,,,,,,
Namibia,,,,,,,,,,,,,1.819505295,0.841779563,1.362940894,2.629023676,5.417134375,11.95002528,6.499242537,5.186931192,0.917140614,,,
Nepal,,,,,,,2.921733703,,,,0.002831832,0.000259913,0.011031168,,,0.122198189,,,,,,0.41337382,0.648777735,
Netherlands,14.59318891,15.87208401,16.46066304,17.61854179,19.37845508,23.38791773,22.42544316,24.14475283,26.77689453,27.37786413,30.24554906,33.28088374,35.80657318,32.7138565,28.01292016,31.35062975,30.46736176,30.88972069,28.99001578,23.30733559,19.24875306,20.90427243,21.29411615,
New Caledonia,,,,,,,,,,,,1.712565061,0.594358255,0.982397551,0.678971198,0.752577707,2.218837519,0.50788562,1.48014208,0.561123056,0.545864869,6.966341374,0.849328092,
New Zealand,3.911692977,4.421998392,4.429282379,4.762226947,5.25105677,5.39774213,6.289666411,7.293276907,7.456100457,9.165930819,12.28068047,15.16199047,9.66482301,9.352565046,9.38056797,9.552768031,9.572334264,10.19057811,10.32368543,9.083276997,8.468855488,8.938252769,9.003039589,
Nicaragua,,,,,,6.464341882,3.608223991,0.970845556,0.441405235,0.649163942,4.193357361,2.346565092,4.884716427,3.225622927,5.165139591,4.308267317,6.5607069,5.173072366,7.158967109,4.351675876,0.873253087,5.349316181,4.813245445,
Niger,,,,,,,,9.365776607,19.75152615,8.822706032,4.574220816,15.50376281,5.629802105,3.601145614,2.948917768,3.453804463,3.593653596,11.16097065,11.93304367,12.70727052,7.113043239,14.47289711,6.56300467,
Nigeria,,,,,,,,,1.675898739,0.111631906,0.018100013,13.39214815,0.590686908,0.366995351,0.142339957,1.730811082,,,7.787441826,0.995504698,0.40851689,2.527707198,1.089279096,
Northern Mariana Islands,,,,,,,,,,,,,,,,,,,,,,,,
Norway,12.04418035,10.64300082,11.43579167,10.91668554,12.41331184,14.69706421,14.57735886,13.53546367,14.09728083,14.56197647,15.67879364,15.6828286,16.76368042,18.19218444,20.63671785,16.83238692,17.43591336,16.09433419,17.21786913,14.72974809,14.84988367,15.80276311,16.08052209,
Oman,3.560682756,14.1464107,14.74273213,12.22927354,4.457496655,6.755896926,6.271192259,4.49388184,5.46550721,8.503752246,8.542641332,9.643737507,3.117178443,3.100477771,2.167210501,5.742788325,0.678341541,0.275351028,0.305531447,0.455952345,0.735322395,0.29508434,0.584341719,
Pakistan,,,0.071649495,0.024563038,0.033875108,0.070946772,,0.041146951,0.032507522,0.087873571,0.114242418,0.313561019,0.38790306,0.297177201,0.674505048,1.211536301,1.092766992,1.380307205,1.447455172,1.383159005,1.851171335,1.71466317,1.685223802,
Palau,,,,,,,,,,,,,,,,,,,,,,,,
Panama,,,,,,,,2.766054171,2.60368694,3.01551063,1.895939876,1.363502237,1.228617232,2.180834095,1.902171567,1.353365007,2.316795817,0.983148005,1.34300539,2.558216647,1.234267169,1.374455676,0.826045658,
Papua New Guinea,,,,,,,,,,,41.55957096,,19.02754639,46.2731429,16.95221016,40.16539188,60.85876433,,,,,,,
Paraguay,,0.101805849,0.195469097,0.845767948,1.062582042,0.848481008,1.073186714,2.095599876,1.269983731,2.177168697,3.549347931,2.846742994,2.941195307,4.131189935,3.232094264,5.662420752,6.746385459,7.156387444,8.290712853,6.438259805,6.538403638,10.96788425,6.61176543,
Peru,,,,,1.347384059,1.433342203,2.487776779,2.410545715,5.824213116,4.548534851,4.04488344,4.492126108,4.376922513,4.286026374,2.605231222,2.638674463,2.893579862,3.232241416,2.717487193,2.50898344,2.747279926,3.464901876,6.587169433,
Philippines,,,,32.46273427,27.49116141,30.28622926,31.53844937,35.02837902,58.46382122,66.50707068,71.96562673,74.99461441,72.62686247,71.89985376,74.17845932,73.6373154,72.63332145,70.78543207,67.70991866,68.89979739,66.30959676,65.53302974,67.82277183,
Poland,,,,,3.484095522,2.774954279,2.4412825,2.575893456,2.915592583,2.618276027,2.948659243,2.649377481,3.360540496,3.171718425,2.878564028,3.073919768,3.337117594,3.789515527,3.740763356,3.03647127,4.316121219,6.101162791,6.744251188,
Portugal,3.968298033,4.475118854,4.123836186,3.664043828,3.530166136,2.641651132,3.626522074,5.126780941,4.09966488,4.058267568,3.934435942,4.797286694,6.229094425,7.801069756,7.204362889,8.500073088,8.683514546,8.879748639,9.276178086,8.353515182,8.144101238,3.768282693,3.390599625,
Puerto Rico,,,,,,,,,,,,,,,,,,,,,,,,
Qatar,,,,0.003520513,0.003449109,0.00097425,0,0.004188348,0.00242072,,0,0.01121926,7.36102E-05,0.009625575,0.00019475,0.002467069,0.020320358,0.007111413,0.013222441,0.075343709,0.012504525,0.033476039,,
Romania,,2.850821584,3.286326957,1.529790985,1.447692256,1.065516013,1.618733164,1.288684591,1.236937385,1.205673049,1.806127743,3.545433458,5.870192853,6.142515394,3.800736748,3.968177125,3.72474566,3.842222591,4.827485917,3.47980266,6.687402779,9.108757201,10.94677922,
Russia,,,,,,,,,9.664536747,9.34426991,11.97795556,12.33683903,16.06693012,14.03755579,19.15674223,18.97823199,12.92452891,8.437509735,7.777323192,6.878405918,6.474851,9.228727378,8.847875091,
Rwanda,,,,,,,,,0.598880871,3.096848913,2.166975689,0.601955146,,1.523141726,83.64025575,27.00413616,19.88992575,25.97019893,16.31650204,16.35578671,6.888253629,11.63873979,5.943527373,
Saint Kitts and Nevis,,,,,,5.328012403,6.193689452,0.299890025,0.7482988,1.329786838,,0.176571387,0.640465725,0.217966599,0.065969492,0.703921886,0.075721632,0.681417719,0.332522403,1.023764018,0.451769582,,,
Saint Lucia,,,,1.301498496,3.700550807,3.199276614,6.804056246,4.911835971,7.288031058,3.61433537,5.18101248,5.064354158,5.524063066,5.199473692,7.803544891,8.409131768,7.319472917,8.50023285,11.23331646,14.82352765,16.87833064,,,
Saint Martin,,,,,,,,,,,,,,,,,,,,,,,,
Saint Vincent and the Grenadines,,,,,,0.014036238,17.30704205,,0.026149364,0,0,0,0.008551968,0.004237643,0.00306285,0,0,0.053587964,0.027431276,0.208783985,0.007072873,0.772991048,0.15588356,
Samoa,,,,,,,,,,,,,,0.508135133,0.151725411,0.145876021,0.083134486,8.736799034,0.049737615,0.072531619,0.577182649,0.314032253,0.201235436,
San Marino,,,,,,,,,,,,,,,,,,,,,,,,
Sao Tome and Principe,,,,,,,,,,,,,,,1.07871149,,,7.681977423,1.277713167,0.255673517,0.044979683,15.56316536,14.02596355,
Saudi Arabia,,,,0.373211508,0.351576203,0.169333417,0.096369508,0.197337117,0.749585674,,0.357561994,0.987304119,0.425608572,0.469934574,0.375388215,1.371354995,0.360288007,0.668897032,0.938558986,0.656645503,0.461193838,0.264831105,0.732879978,
Senegal,,,,,,,,,1.462643925,1.711894139,5.766384269,12.2912144,7.286035565,4.46008587,4.260877633,4.902101765,5.816501409,8.270946192,5.847358532,4.472999093,5.261533311,11.8578439,1.189080061,
Serbia,,,,,,,,,,,,,,,,,,,,,,,,
Seychelles,,,,,1.04008222,0,0.025980529,0,0,0,0,0,2.088532937,0.824633465,22.52520079,0,0,19.17658439,3.145023473,0,3.350804688,,,
Sierra Leone,,,,,,,,,,,,,27.64816666,,31.07932224,,,,,,,,,
Singapore,,36.4446585,39.89388625,40.54177075,44.79651772,47.50310685,50.65897587,54.14704475,55.71437159,57.01658868,59.06705934,60.89937853,62.79494579,60.94929712,60.62664036,56.54326429,56.87614852,56.89331123,58.07081684,45.21033431,49.38403528,48.14199882,49.90865546,
Slovak Republic,,,,,,,4.060628378,3.121289091,3.173378791,3.613901802,3.560630482,4.284248161,3.633414816,3.861987362,3.212524323,3.801989078,5.479068485,7.437556232,6.719764945,5.354229599,5.264358434,5.703950457,7.093999294,
Slovenia,,,,,3.33468792,3.433389887,,3.619225906,4.507087088,4.322728561,4.511733972,4.130942405,4.905464309,5.335968088,5.421669251,6.42197545,5.732413185,4.928860044,5.506512385,5.013001074,5.820976526,6.398702827,5.487112504,
Solomon Islands,,,,,,,,,,,,,,,,,,,,,,,,
Somalia,,,,,,,,,,,,,,,,,,,,,,,,
South Africa,,,,,6.96800466,4.727845505,4.876683179,5.710909897,5.650817654,7.531410066,8.749016042,7.146985101,7.000875876,6.460410909,5.163790009,4.829067256,5.537991577,6.656221763,6.458640303,5.580762849,5.123385369,5.354949319,4.281208684,
Spain,6.803003036,6.906918538,6.717627934,7.809727511,7.445371449,8.309750461,8.401850844,7.271118933,7.604058764,7.008844654,6.957352483,7.865609384,7.986523656,7.765300974,7.216591247,7.489004231,7.25923021,7.261086496,6.382451285,5.107331614,5.305988783,6.231276919,6.357351118,
Sri Lanka,,,0.597690529,0.667119902,1.052442128,1.126729148,1.205114154,,,,,3.239078507,,2.171253302,0.55477278,0.684796435,1.5291583,2.307857667,1.494807338,2.084351839,1.862545361,0.949291395,1.025951272,
Sudan,,,,,,,,,0.500051603,9.53726E-05,0.089093067,8.646578585,3.80071047,2.542212976,8.842130021,0.041828148,0,0.578268894,0.605706109,,0.102401247,29.36923205,,
Suriname,,,,,,,0.038303203,0.025336268,0.426412863,0.221138823,0.585161114,0.204958717,8.166360756,6.346498327,10.6887486,10.94234973,8.014453786,13.69873253,6.219043452,8.698275884,5.458335502,13.91971885,12.14138419,
Swaziland,,,,,,,,,,,,,0.402915774,0.786125919,0.485227242,0.298991271,0.103682509,0.07649335,0.134238288,0.115640868,,,,
Sweden,12.34321975,12.70716357,12.90405571,13.28609929,13.30789938,12.97110408,12.82813922,16.40568532,17.93867845,19.44474687,19.8214433,21.53758834,22.77450726,17.39462068,18.16863258,16.25806117,17.4062107,16.93751429,16.10376752,11.52834456,11.19786792,12.91340318,13.92673984,
Switzerland,16.05885347,15.77161652,15.57671706,15.54776129,15.92934241,15.60990652,15.77294951,17.14135343,17.7751268,18.01263543,19.29127989,21.83141639,21.8628207,22.73537103,23.5846118,24.10323574,23.7379528,23.59442295,23.34468661,22.75463576,23.88779584,25.53589791,24.84480607,
Syria,,,,,,,,,,,,,0.531688776,0.405977506,0.614257366,0.797067051,1.024002284,2.082085874,0.804813407,1.270954274,1.806880372,,,
Tajikistan,,,,,,,,,,,,,41.7450495,,,,,,,,,,,
Tanzania,,,,,,,,,,0.180448986,3.451970525,5.923475211,1.167549885,1.590820224,0.741255826,1.409289501,0.820967119,1.10500811,0.56350154,1.501823093,1.53491819,3.042268112,3.478349147,
Thailand,,18.95029905,20.87117866,20.83935631,22.03817995,20.65333615,23.72077835,24.54088288,29.15229045,30.76462075,34.41864218,32.4002109,33.35912864,31.51139376,30.77735912,30.30813621,28.13184442,26.67177174,27.39161319,25.95792004,24.55437402,25.34038367,24.01660453,
Timor-Leste,,,,,,,,,,,,,,,,,0,0,,,,,,
Togo,1.810048811,,,0.589815227,,,1.798708127,4.992867454,5.288019319,2.018664456,0.592026736,0.665542437,0.601634503,0.623211735,0.657607489,1.013873078,0.026536125,0.093467743,,0.057997818,,,,
Tonga,,,,,,,,,,,,,0,0,,,,,,,0,0.106306152,0.038764595,
Trinidad and Tobago,,,,0.146453678,0.248541474,3.929662156,1.205589085,3.196702752,0.310223283,0.24143574,1.361824396,1.969888623,0.913346863,3.22637727,1.993365968,0.244690945,1.14871789,1.34706174,1.030194189,1.563353953,0.748551909,0.243316079,,
Tunisia,,,2.120813848,1.84867112,1.644372773,2.840837458,1.544222962,1.608997579,1.639408674,1.653497707,2.058180039,2.701016118,3.427068727,3.313573751,3.708762277,3.805322374,5.023151526,4.510720196,6.680848185,5.416796982,4.543789716,4.097911696,4.894227503,
Turkey,,1.74925391,1.213969632,0.999972331,1.175220658,1.339299275,1.655497017,1.205811734,1.607365563,2.144679451,2.182560835,4.140513781,4.825745722,3.871274757,1.789857537,1.932463938,1.896813609,1.474042955,1.853989329,1.89332192,1.61597004,1.737729868,1.934102429,
Turkmenistan,,,,,,,,,,,0.001236743,11.66246484,4.952147411,,,,,,,,,,,
Turks and Caicos Islands,,,,,,,,,,,,14.90313079,19.57142275,7.697651016,3.33062505,5.81817351,9.207311409,,,,,,,
Tuvalu,,,,,,,,,,,,,,,27.81594537,17.68591442,4.249648864,14.98036358,,,,,,
Uganda,,,,,,,10.99099863,2.107101317,0.249929637,1.291929591,4.588324908,10.71195973,4.356932129,12.86702954,15.32202997,6.301190866,3.281546594,12.49819945,33.75624378,10.48941779,1.255539847,1.082315541,2.370904438,
Ukraine,,,,,,,,,3.89147584,4.370158875,5.100903469,4.378668466,5.227240865,4.658148685,4.861306033,6.91831518,6.296997836,3.724530925,3.397535409,3.653825526,3.287033721,5.550738184,4.336272191,
United Arab Emirates,,,,0.026478638,0.151992166,0.031645521,,,,,,1.120983295,0.708440058,1.965071945,,,,1.871488902,,1.070383568,3.202785439,,,
United Kingdom,24.7407919,25.20165188,23.60937136,24.65326681,23.59249267,25.96584934,25.70357248,27.03304541,26.68946941,27.09245437,28.68156255,29.91837398,32.33387054,34.080128,31.74343643,26.27912044,24.48684897,28.30563158,33.88030582,18.91885211,18.50070934,21.78619764,20.90032488,
United States,,32.16238957,32.52996733,32.40150439,32.56328763,31.4651345,30.99909101,30.30063758,30.75878968,31.72874829,33.21589023,34.25823054,33.78761058,32.5915242,31.75945204,30.82052135,30.27626713,29.90198855,30.05699929,27.2226646,25.92033217,21.48768979,19.93438596,
Uruguay,,,,,,2.712816275,1.920419839,2.625525981,2.655651499,2.188880244,2.106348543,2.429389729,2.222752496,2.196618704,3.10777577,2.643936781,2.922521375,2.715382664,3.40411451,3.415293648,4.593920396,5.799572513,,
Uzbekistan,,,,,,,,,,,,,,,,,,,,,,,,
Vanuatu,,,19.83239821,12.70003497,,,4.944915293,,,,,,0.355693163,,,,,,7.656903869,2.017356357,,,,
Venezuela,,,3.938725197,1.490857595,2.201436499,2.567247283,2.391194836,2.722699894,2.521642113,2.546908787,2.60344792,3.018177461,2.890965786,3.377608176,3.429491526,4.219513948,2.437642483,2.301986096,2.413791343,,3.471367674,4.177609884,5.052219641,
Vietnam,,,,,,,,,,0.135759687,0.102063988,0.173917606,11.06894478,8.507502909,5.857787623,5.566738186,4.480012648,5.363191673,6.217878053,8.949339276,4.789839839,6.21247846,,
Virgin Islands (U.S.),,,,,,,,,,,,,,,,,,,,,,,,
West Bank and Gaza,,,,,,,,,,,,,,,,,,,,,,,,
"Yemen, Rep.",,,,,,,,,,,,,,0.002640114,0.010913654,0.521450864,0.259033446,0.239194561,0.509999038,0.382328701,0.275284568,0.374468145,,
Zambia,,,,,,2.480391632,,2.162540538,2.045810833,25.08973209,4.02342058,1.112690099,0.316156043,0.136770624,0.400658895,0.505136646,0.756466513,1.090505634,1.868518011,2.945875772,2.543997413,1.499433953,0.955027105,
Zimbabwe,,,1.488336446,0.879476867,0.894181398,0.670965807,1.133008966,1.163429701,2.107843778,2.025544465,,1.945485714,1.684154847,0.544358824,2.686228679,,0.902913728,1.548765859,13.49128658,3.091865276,12.21130897,0.984378272,0.843400924,
